message,default label,default score,camembert label,camembert score
Bonjoir Juju75,NEGATIVE,0.8068,POSITIVE,0.7943
Jetais professeur de fran√ßais depuis le d√©but de l annee la jevais me reposer ouff,NEGATIVE,0.9396,NEGATIVE,0.8764
"01,15ah ok",POSITIVE,0.9264,NEGATIVE,0.7138
Venez me parler en priv√© je m‚Äôennuie,POSITIVE,0.8508,NEGATIVE,0.9948
tout le monde ca vien ?,NEGATIVE,0.8294,NEUTRAL,0.6318
Ennour:  je croyais que tu √©tais professeur d'histoire,POSITIVE,0.9298,NEUTRAL,0.5668
Lolo prive,POSITIVE,0.9927,NEGATIVE,0.7723
"01,15pour parler de quoi ? Valence",NEGATIVE,0.8821,NEGATIVE,0.9412
Non pipoune,NEGATIVE,0.7875,NEGATIVE,0.7236
Valence en pv,POSITIVE,0.9617,POSITIVE,0.6889
Je m'ennuie aussi,POSITIVE,0.9599,NEGATIVE,0.9987
Y a des gens sur Toulouse ?,NEGATIVE,0.9342,NEUTRAL,0.5437
Ennour:  autant pour moi alors,POSITIVE,0.9895,NEGATIVE,0.6785
12bonjour BrownSkinGirl,NEGATIVE,0.8006,POSITIVE,0.848
haha,POSITIVE,0.7155,POSITIVE,0.8009
"01,15coll√®ge ou lyc√©e ? Ennour ?",NEGATIVE,0.9465,NEGATIVE,0.7244
bonjour JiNie bisous,POSITIVE,0.8642,POSITIVE,0.8874
dina cc,POSITIVE,0.8992,POSITIVE,0.7875
Dina cc,POSITIVE,0.8992,POSITIVE,0.7932
Dina pv,POSITIVE,0.7333,POSITIVE,0.7137
12cc dina,POSITIVE,0.8728,POSITIVE,0.7882
Fac,POSITIVE,0.8746,NEUTRAL,0.519
pk les filles demande de venir en privee et ne reponde pas ?,NEGATIVE,0.9786,NEUTRAL,0.6638
"01,15ouh",POSITIVE,0.7673,NEUTRAL,0.5326
coucou ChoupetteNoPV bisoussss,NEGATIVE,0.9855,POSITIVE,0.7964
Antho_ va prendre son bain mensuel...,POSITIVE,0.6705,NEGATIVE,0.8403
Hello Hannibal,POSITIVE,0.9967,POSITIVE,0.7201
"01,15bon courage, Ennour",POSITIVE,0.99,NEUTRAL,0.5806
Merci TUrgon,NEGATIVE,0.9916,POSITIVE,0.8549
revoil√† Antho_|OnePiece,POSITIVE,0.9878,NEUTRAL,0.5035
"01,15mais de rien, Ennour",POSITIVE,0.9094,NEGATIVE,0.7899
12je suis le bosse de l'agence tout risque mdr,NEGATIVE,0.9708,NEUTRAL,0.5449
j'ai remarqu√© les filles √¢g√©s sont tellement aggressive et les filles jeunes tellement douce.. √† croire que le destin nous forcent √† √™tre de pedobear ):,NEGATIVE,0.9581,NEUTRAL,0.6096
oui c est vrai hannibal-smith76 lol,NEGATIVE,0.9855,POSITIVE,0.734
Bonjour des chtis ici?,NEGATIVE,0.9828,POSITIVE,0.7126
Renoie qui cherche son rebeu,POSITIVE,0.9777,NEGATIVE,0.6752
12Juju35:  ne cherches pas tu vas avoir mal au crane mdr,NEGATIVE,0.9093,NEGATIVE,0.7253
Lu,POSITIVE,0.7967,POSITIVE,0.727
MDR,NEGATIVE,0.9466,NEGATIVE,0.7163
merci hannibal-smith76,NEGATIVE,0.9717,POSITIVE,0.8626
t'as ramen√© quelque chose pour nous Anand44 ?,NEGATIVE,0.9845,NEUTRAL,0.562
12lol ChoupetteNoPV c'est pur etre confondu avec hannibal lecter lol lui je l'aime pas,NEGATIVE,0.9741,NEGATIVE,0.7702
bonjour,POSITIVE,0.9679,POSITIVE,0.7109
bsr Shannon,NEUTRAL,0.5026,POSITIVE,0.7576
salut shannon,NEGATIVE,0.894,POSITIVE,0.8438
bsr ShadoWhite,NEGATIVE,0.9928,POSITIVE,0.8706
peni,POSITIVE,0.881,NEUTRAL,0.6161
12bonjour Shannon,POSITIVE,0.9613,POSITIVE,0.7629
"15,02et puis Hannibal LEcter n'ets pas pote avec Looping et Barracuda",NEGATIVE,0.9566,NEUTRAL,0.6496
allo les amis,POSITIVE,0.9344,POSITIVE,0.7382
12exacte,NEGATIVE,0.9021,POSITIVE,0.8273
Enissay:  ou alors c est la facon dont on nous parle en pv et du coup on s adapte,NEGATIVE,0.9493,NEUTRAL,0.541
Bonjour SEphiroth,NEUTRAL,0.5822,POSITIVE,0.6917
1[ 3Membre VIP1 ]  chipie est un(e) habitu√©(e) du salon #Accueil !,NEGATIVE,0.7589,NEUTRAL,0.6176
je vous aimes,POSITIVE,0.9815,POSITIVE,0.9859
"15,02bonjour Ennour",POSITIVE,0.9759,POSITIVE,0.732
12et il est quoi sympa et fumeur de cigare,NEGATIVE,0.9582,NEGATIVE,0.7554
bsr chipie bisous,NEGATIVE,0.9957,POSITIVE,0.7452
"15,02Bonjour bisous chipie",NEGATIVE,0.8986,NEUTRAL,0.5457
re ici :),NEGATIVE,0.9887,POSITIVE,0.8812
vous etes celibataire,NEGATIVE,0.9686,NEUTRAL,0.5711
bisoussss chipie,NEGATIVE,0.9753,NEUTRAL,0.5093
coucou grominet01 bisous :),NEGATIVE,0.9817,POSITIVE,0.8802
12nous aussi Shannon,NEGATIVE,0.7785,POSITIVE,0.7342
coucou Sephiroth bisous :),NEGATIVE,0.9565,POSITIVE,0.9096
car j'ai envie de faire l,POSITIVE,0.9875,POSITIVE,0.8015
oui shannon celib,NEGATIVE,0.9979,POSITIVE,0.769
a,POSITIVE,0.9873,NEUTRAL,0.5466
coucou ysa-56 bisous :),NEGATIVE,0.8935,POSITIVE,0.8973
J'ai quitt√© le tchat sans faire expr√®s ..,NEGATIVE,0.9979,NEGATIVE,0.9761
shannon viens pv,POSITIVE,0.9601,POSITIVE,0.8299
12bisous chipie tu vas bien,NEGATIVE,0.9561,POSITIVE,0.6843
"franchement je comprend aussi que les femmes plus √¢g√©es en ont forc√©ment plus bav√©s donc forc√©ment un peu plus aigrie, mais bon je parle de mon exp√©riences personnel c'est fou la m√©chancet√© que je re√ßois des femmes de mon √¢ge ou plus vieille",NEUTRAL,0.5355,NEUTRAL,0.614
coucou hannibal-smith76 bisous oui impec et toi ?,NEGATIVE,0.9871,POSITIVE,0.9271
comparer √† la douceur et gentillesse des plus jeunes..,NEGATIVE,0.6703,NEGATIVE,0.7481
Shannon en pH,POSITIVE,0.9478,NEUTRAL,0.5837
pv,POSITIVE,0.9969,NEUTRAL,0.6166
Bonsoir,POSITIVE,0.9956,POSITIVE,0.7414
12moi fois super merci,NEUTRAL,0.5454,POSITIVE,0.9945
super hannibal-smith76 :),NEUTRAL,0.5364,POSITIVE,0.9775
Cc sev2845,NEUTRAL,0.6593,POSITIVE,0.7357
-_____-,NEUTRAL,0.6273,NEUTRAL,0.516
12bonjour sev2845,NEUTRAL,0.6085,POSITIVE,0.7928
juju35 viens en pv,NEGATIVE,0.9737,POSITIVE,0.7179
12merci chipie,NEGATIVE,0.9834,NEUTRAL,0.5534
Gay bi pv,NEGATIVE,0.9867,NEUTRAL,0.5627
Que pour les fille,POSITIVE,0.9155,NEGATIVE,0.9464
calling youuuuu doubidouuu,NEGATIVE,0.9517,POSITIVE,0.7437
!chante,POSITIVE,0.9872,POSITIVE,0.8429
7chipie 12chante √† tue-t√™te 4lalalalalalalala.12 L'ann√©e prochaine c'est inscription √† The Voice DIRECT ! √∞¬ü¬é¬µ √∞¬ü¬é¬∂,NEGATIVE,0.9606,POSITIVE,0.7325
Dispo,NEGATIVE,0.9992,NEUTRAL,0.5195
Salut √ßa va,NEGATIVE,0.9347,NEUTRAL,0.6319
bsr Sev2845,NEGATIVE,0.9562,POSITIVE,0.7559
Wendy_jean95,NEGATIVE,0.8365,NEUTRAL,0.5199
12!seen miss-tyk,NEGATIVE,0.6942,POSITIVE,0.7657
hannibal-smith76 > je ne me souviens pas avoir vu miss-tyk.,NEGATIVE,0.9836,NEUTRAL,0.5977
Shannon en pv,POSITIVE,0.906,POSITIVE,0.7857
bonjour,POSITIVE,0.9679,POSITIVE,0.7109
Des gens sur Toulouse pour discuter ?,NEGATIVE,0.923,POSITIVE,0.698
12!seen miss_tyk,POSITIVE,0.9767,POSITIVE,0.7251
hannibal-smith76 > je ne me souviens pas avoir vu miss_tyk.,NEGATIVE,0.9823,NEUTRAL,0.58
bjr flamencita,NEGATIVE,0.9126,POSITIVE,0.8789
bjr flamencita,NEGATIVE,0.9126,POSITIVE,0.8789
"4 ‚ÑπÔ∏è [12 INFO 1Ch12a13a1t.fr 4] ‚ÑπÔ∏è :1 Pour pr√©server la s√©curit√© de votre identit√© virtuelle, enregistrez votre pseudo¬†1(c'est gratuit) 4(‚ó¶'‚å£'‚ó¶)/ 7 ‚û§ 12 https://www.chaat.fr/register",NEGATIVE,0.984,POSITIVE,0.8099
Heyy chipie re,POSITIVE,0.9949,NEUTRAL,0.5199
Salut tt le monde üåçü§ç,NEUTRAL,0.5304,POSITIVE,0.8836
"01,15re flamencita",POSITIVE,0.7318,NEUTRAL,0.582
Des gens sur Paris,POSITIVE,0.9894,NEUTRAL,0.5439
re Babycrew :),NEGATIVE,0.9835,POSITIVE,0.8477
12bonjour flamencita tu vas bien,POSITIVE,0.6858,POSITIVE,0.8422
bsr Turgon,NEGATIVE,0.9881,POSITIVE,0.8068
allo,POSITIVE,0.9823,POSITIVE,0.6671
bsr de gens a lyon?,NEGATIVE,0.9816,POSITIVE,0.8296
"01,15bonsoir chipie",POSITIVE,0.668,NEUTRAL,0.6341
bsr Babycrew,NEGATIVE,0.9484,POSITIVE,0.8042
12salut jehane,POSITIVE,0.9727,POSITIVE,0.7943
bjr pomponette :),NEGATIVE,0.9885,POSITIVE,0.8006
bsr pomponette,NEGATIVE,0.9943,POSITIVE,0.6891
salut chipie,NEGATIVE,0.9756,NEUTRAL,0.5403
12salut Jihane697,NEGATIVE,0.7853,POSITIVE,0.8207
Grominet01 bsr,NEGATIVE,0.9913,POSITIVE,0.6834
qui est celibataire,NEGATIVE,0.9679,NEUTRAL,0.5491
j'ai eu de ses averses aujourd'hui pas vous ?,NEGATIVE,0.9267,NEUTRAL,0.5631
pomponette,NEGATIVE,0.963,NEGATIVE,0.7772
salut,NEGATIVE,0.9924,POSITIVE,0.7455
12bonjour pomponette,NEGATIVE,0.8469,NEUTRAL,0.646
Coucou Shannon :),POSITIVE,0.7876,POSITIVE,0.8483
salut hannibal,NEGATIVE,0.9806,POSITIVE,0.7834
moi un violant orage chipie,NEGATIVE,0.9562,POSITIVE,0.8746
12oui ici aussi chipie et √ßa fait du bien,NEGATIVE,0.87,POSITIVE,0.8637
pomponette: moi =),NEGATIVE,0.9563,NEUTRAL,0.5531
"01,15moi, c'√©tait hier, chipie : 300m sous la pluie en revenant de mes courses",NEGATIVE,0.8274,NEGATIVE,0.8953
bisoussss chipie,NEGATIVE,0.9753,NEUTRAL,0.5093
grominet01: ah oui aujourd'hui ?,NEGATIVE,0.9909,NEUTRAL,0.546
kisss pipoune :),NEGATIVE,0.8595,POSITIVE,0.8845
slm,NEGATIVE,0.996,POSITIVE,0.903
ouii chipie,POSITIVE,0.9134,NEUTRAL,0.5002
coucou,POSITIVE,0.9273,POSITIVE,0.7732
12salut nawel,NEGATIVE,0.6698,POSITIVE,0.6925
Turgon: comme moi taleur mon jean tremp√©e jusqu'aux fesses,POSITIVE,0.821,NEGATIVE,0.7479
la foudre est tomber a 100metre de moi chipie,NEGATIVE,0.8844,NEUTRAL,0.5566
chipie:   cc bises,NEGATIVE,0.9942,POSITIVE,0.6741
et surtout ne saute pas partout chipie lol,POSITIVE,0.7865,NEGATIVE,0.7739
grominet01: hier moi les orages,NEGATIVE,0.6937,NEUTRAL,0.5072
1[ 3Membre VIP1 ]  The_Swing est un(e) habitu√©(e) du salon #Accueil !,POSITIVE,0.8734,POSITIVE,0.8056
bsr penny-parker bisousss,NEGATIVE,0.9895,POSITIVE,0.9037
"01,15pas moi, j'√©tais assis, chipie, mdr",NEUTRAL,0.6249,NEGATIVE,0.9265
cc Ayah bises :),NEUTRAL,0.5273,POSITIVE,0.9472
bisoussss toi twinsen,NEGATIVE,0.9513,POSITIVE,0.9184
12!caf√© salon,POSITIVE,0.9969,NEUTRAL,0.6429
"7hannibal-smith76 12offre une bonne tasse de 1,1_0C1_1,0] 4,4_0a4_4,0] 2,2_0f2_2,0] 3,3_0√©3_3,0]12 toute chaude √† 4salon 12>> Un peu de lait, du sucre ? ",NEGATIVE,0.9759,NEUTRAL,0.6625
Ayah cc,POSITIVE,0.9782,POSITIVE,0.8656
Salut les filles,NEUTRAL,0.5059,NEUTRAL,0.5906
pipoune: siii :p,NEGATIVE,0.9327,POSITIVE,0.6887
bisousss pipoune :),NEGATIVE,0.9734,POSITIVE,0.8587
bsr The_Swing,POSITIVE,0.8383,POSITIVE,0.8038
07Bonsoir √† tous :),NEGATIVE,0.8503,POSITIVE,0.8127
Turgon: oui lol,NEGATIVE,0.9667,NEUTRAL,0.6112
07Coucou grominet01,NEGATIVE,0.911,NEUTRAL,0.5837
"01,15mais les cheveux longs, sous la pluie, c'ets pas l'id√©ale, mdr",NEUTRAL,0.5394,NEGATIVE,0.9181
coucou The_Swing des bisous !,POSITIVE,0.9899,POSITIVE,0.9174
"Ch12a13a1t.fr - 01n¬∞3862901  Aujourd'hui, j'ai oubli√© d'effacer ""c'est quoi la r√©ponse √† la question 2 ?"" adress√© √† ma voisine de droite √©crit sur ma copie de bac blanc. VDM ",NEGATIVE,0.9606,NEGATIVE,0.942
Babycrew:  slt,NEGATIVE,0.9992,POSITIVE,0.7718
"07coucou chipie, des bisous !",NEUTRAL,0.5847,NEUTRAL,0.6316
grominet01: pas trop de degats ?,NEGATIVE,0.9895,NEGATIVE,0.6703
12bonsoir The_Swing,POSITIVE,0.9846,POSITIVE,0.8174
sa va devenir notre quotidien malheureusement chipie,NEUTRAL,0.6406,NEGATIVE,0.678
si tu saute chipie je tire lol,NEGATIVE,0.8595,NEGATIVE,0.6675
07Coucou hannibal-smith76,NEGATIVE,0.8763,POSITIVE,0.667
12bonjour  ayah,POSITIVE,0.9817,POSITIVE,0.8785
grominet01: tu penses ? je ne sais pas je suis pas uen grenouille de la m√©t√©o :p,NEGATIVE,0.961,NEUTRAL,0.5412
üßê,NEGATIVE,0.6971,POSITIVE,0.7261
non il y avait un para tonnerre chipie,NEGATIVE,0.976,NEGATIVE,0.9314
Bonjour chipie bises,POSITIVE,0.7568,POSITIVE,0.7258
pipoune: pr√©pare toi √† viser alors :p,NEGATIVE,0.9168,NEUTRAL,0.5809
ouii le changement du climat,NEUTRAL,0.6156,POSITIVE,0.7285
12ah bon chipie je croyais,POSITIVE,0.743,NEGATIVE,0.7691
grominet01: ah ouf :),NEGATIVE,0.9922,POSITIVE,0.8228
bjr Cest :),NEGATIVE,0.9626,POSITIVE,0.7981
Lol  chipie,POSITIVE,0.7253,NEGATIVE,0.815
cc chipie,NEUTRAL,0.5251,NEUTRAL,0.5186
quoi lol :o lol,NEGATIVE,0.8611,NEUTRAL,0.523
en meme temps on se plaint des orages mais en meme temps on laisse chipie chaanter allez comprendre...,NEGATIVE,0.8802,NEGATIVE,0.6747
Cc c'est,POSITIVE,0.9822,POSITIVE,0.7381
re Petch :),NEGATIVE,0.9906,POSITIVE,0.813
chipie:  t'inqui√®te je suis tireuse de canards lol,NEGATIVE,0.9552,NEGATIVE,0.8063
le soucis est qu'il y a de plus en plus de tornarde en france chipie,POSITIVE,0.9687,NEGATIVE,0.8845
re üòÅ,NEGATIVE,0.7892,NEUTRAL,0.6522
twinsen:  comment vas tu ?,NEGATIVE,0.9788,POSITIVE,0.7999
hannibal-smith76: tu croyais ?,NEGATIVE,0.9816,NEUTRAL,0.5414
12lol,NEUTRAL,0.6096,NEUTRAL,0.6467
coucou twinsen non mais allo quoi ! mdrr,NEGATIVE,0.9629,NEUTRAL,0.5675
Cc,POSITIVE,0.9832,POSITIVE,0.7432
12un bon magret de canard hummmmmmmmmm,NEGATIVE,0.9918,POSITIVE,0.7668
coucou chipie :),NEUTRAL,0.6626,POSITIVE,0.7708
grominet01: je ne sais pas je me suis pas renseign√©e sur le sujet mais c'est possible vu les changements climatiques,NEGATIVE,0.7785,NEUTRAL,0.6301
hannibal-smith76:  oui hein c'est si bon,NEGATIVE,0.9663,POSITIVE,0.9506
pipoune: je suis pas un canard :o,NEUTRAL,0.5153,NEUTRAL,0.6411
rire hannibal-smith76 :o,POSITIVE,0.7242,POSITIVE,0.7396
chipie:  pas grave ca lol,NEGATIVE,0.9613,NEGATIVE,0.8656
12oui avec des frites maison,NEGATIVE,0.7206,NEUTRAL,0.5403
pipoune: si si je suis une esp√®ce prot√©g√©e :o,NEGATIVE,0.8837,POSITIVE,0.6762
coucou,POSITIVE,0.9273,POSITIVE,0.7732
pipoune:  jai regard√© une emission ou des gens qui setaient pas vu depuis longtemps se retrouvaient et jai bcou pleur√© lol,NEGATIVE,0.9294,POSITIVE,0.8143
07je viens de faire face √† une attaque de moustiques assassins,NEGATIVE,0.9473,NEGATIVE,0.8111
masi ca vga,NEGATIVE,0.9634,POSITIVE,0.8078
12quel temps chez moi demain chipie lol,POSITIVE,0.6736,NEGATIVE,0.7464
"01,15√† quoi, tes frites ? hannibal-smith76",NEGATIVE,0.9843,NEGATIVE,0.8222
ca va l√†,NEGATIVE,0.7867,NEGATIVE,0.7458
c'est une √©vidence flagrante chipie,NEGATIVE,0.9847,NEUTRAL,0.5114
hannibal-smith76: allalla je pr√©f√®re le lapin :p,NEGATIVE,0.9234,NEUTRAL,0.5259
lol The_Swing,POSITIVE,0.9778,NEUTRAL,0.584
hannibal-smith76: rire je ne sais pas je vais demander √† me soleil !,POSITIVE,0.7913,NEGATIVE,0.7304
mdr,NEGATIVE,0.9466,NEUTRAL,0.6587
je t'aurai fourni en mouchoir twinsen,NEUTRAL,0.5159,NEUTRAL,0.5852
12pomme de terres et une tite sauce creme et cidre,NEUTRAL,0.5534,NEUTRAL,0.5031
The_Swing: tu t'en es sortie en vie !,POSITIVE,0.9471,POSITIVE,0.7986
oui ca va lol :),NEGATIVE,0.7713,POSITIVE,0.7247
waouuu la warrior !,POSITIVE,0.7179,POSITIVE,0.9177
07oui mais !,POSITIVE,0.9379,NEGATIVE,0.6731
12mdr chipie,NEGATIVE,0.8458,NEGATIVE,0.6775
jai ce quil faut,POSITIVE,0.9912,POSITIVE,0.7012
grominet01: oui :/,NEGATIVE,0.9948,NEUTRAL,0.5629
"01,15je voulais dire : huile ou graisse de boeuf ? hannibal-smith76 pour tes frites ?",NEGATIVE,0.975,NEGATIVE,0.8759
Bonjour tous le monde,POSITIVE,0.9935,POSITIVE,0.7556
mais The_Swing ?,NEGATIVE,0.9824,NEUTRAL,0.5222
bsr Makeuo21,NEGATIVE,0.7874,POSITIVE,0.8367
"01,15bonjour Makeuo21",POSITIVE,0.8962,POSITIVE,0.6806
07j'ai des blessures chipie :(,POSITIVE,0.9078,NEGATIVE,0.9215
enfin bref de toute fa√ßon ont n'y peu pas grand chose chipie,POSITIVE,0.8866,NEGATIVE,0.9884
12huile de friture ou graisse de canard qu'en j'en ai,NEGATIVE,0.8354,NEGATIVE,0.95
oooh t'as bobo ou The_Swing :o,NEGATIVE,0.9271,NEUTRAL,0.5963
07partu,NEUTRAL,0.5414,NEGATIVE,0.7213
"01,15ok",POSITIVE,0.8546,NEGATIVE,0.6988
07moqueuse chipie !,POSITIVE,0.8707,NEGATIVE,0.8117
"01,15les frites sont meilleur cuites dans la graisse de boeuf, hannibal-smith76",NEGATIVE,0.8924,NEUTRAL,0.5622
grominet01: faut etre patient √ß√† bouge deja un peu l√†,NEGATIVE,0.932,NEUTRAL,0.6133
"01,15c'est mon point de vue, bien sur",NEGATIVE,0.668,NEUTRAL,0.5555
Bonjour tous le monde,POSITIVE,0.9935,POSITIVE,0.7556
The_Swing: partout partout ?,NEGATIVE,0.9765,NEUTRAL,0.5505
"01,15tu l'as d√©j√† dis, Makeuo21, mdr",NEGATIVE,0.9768,NEGATIVE,0.6908
Chalut,NEGATIVE,0.9879,NEUTRAL,0.5532
sinon aujourdhui jai vu un ami ici on a mang√© au resto et parl√© avec des gens cetait cool,NEUTRAL,0.5815,POSITIVE,0.884
07m√™me sur les pieds :(,NEGATIVE,0.7863,NEGATIVE,0.9736
bjr Makeuo21,NEUTRAL,0.6047,POSITIVE,0.8485
12jamais fait √† la graisse de boeuf j'essayerais,POSITIVE,0.966,NEUTRAL,0.6471
cc,POSITIVE,0.9832,POSITIVE,0.7918
!massage The_Swing mais pas des pieds √ß√† pu !,NEGATIVE,0.9538,NEUTRAL,0.6435
7chipie 12avec de l'huile 3‚ùùRevitalise‚ùû 12se lance dans un 0M2M3M4a5a6a79S10S11a12a13a2G4G5G6e7e8e12 sur 4The_Swing 12pour favoriser la d√©tente et le bien-√™tre ! √ßa fait du BiiiiiieN !4 (√ñ‚Äø√ñ),NEGATIVE,0.8203,POSITIVE,0.8946
"01,15ok",POSITIVE,0.8546,NEGATIVE,0.6988
twinsen:  tu as eu bien raison,POSITIVE,0.9601,POSITIVE,0.7958
mdrr ouii chipie,NEGATIVE,0.9484,NEGATIVE,0.7761
07pas les miens chipie ! rire,NEUTRAL,0.5374,NEGATIVE,0.8311
12bonjour Makeuo21,POSITIVE,0.9356,POSITIVE,0.7874
"01,15je n'ai  jamais essay√© √† la graisse de canard, hannibal-smith76",NEGATIVE,0.7461,NEGATIVE,0.6887
The_Swing: j'en sais rien !,POSITIVE,0.9983,NEGATIVE,0.8095
mdr,NEGATIVE,0.9466,NEUTRAL,0.6587
07je te le dis hein !,NEGATIVE,0.8207,NEUTRAL,0.5948
12tres bon,POSITIVE,0.9679,POSITIVE,0.9641
07mdrrr,NEGATIVE,0.9687,NEGATIVE,0.804
mdrrr,NEGATIVE,0.9822,NEGATIVE,0.6814
oui pour me changer les idees pipoune,NEUTRAL,0.6505,NEUTRAL,0.6311
et toi ?,NEGATIVE,0.9658,NEUTRAL,0.5383
Forseti > t'as pas r√©pondu √† la question de eurasienne,NEGATIVE,0.9591,NEGATIVE,0.6978
"01,15et servi avec du vinaigre, bien sur, les frites",NEGATIVE,0.7167,NEGATIVE,0.7241
twinsen:  moi quoi ?,NEGATIVE,0.9478,NEGATIVE,0.8018
Chipie,POSITIVE,0.9774,NEUTRAL,0.6519
ca va comment pipoune ?,NEGATIVE,0.9811,NEGATIVE,0.8147
Ennour bisous :),NEGATIVE,0.9625,POSITIVE,0.8918
07fallait pas que je m'attende √† de la compassion :(,POSITIVE,0.8536,NEGATIVE,0.9136
beautifuul giirrl doudoudouuuu,POSITIVE,0.9634,POSITIVE,0.9342
Bises chipie,NEGATIVE,0.9798,NEUTRAL,0.5126
bah un massage c'est deja bien The_Swing surtout de bon coeur !,POSITIVE,0.9948,POSITIVE,0.8488
ca va ca vient twinsen,NEGATIVE,0.9403,POSITIVE,0.7846
12oui √©ventuellement un balsamique,NEGATIVE,0.7787,NEUTRAL,0.5087
oui pareil en fait ici ^^,POSITIVE,0.6828,POSITIVE,0.7576
!tapavu karine33,NEGATIVE,0.7459,POSITIVE,0.7499
Gentleman29 > je ne me souviens pas avoir vu karine33.,POSITIVE,0.7463,NEGATIVE,0.8121
tu prend des risque la avec les pieds de The_Swing chipie elle a des pieds de hobitt ptdrrr,NEGATIVE,0.9428,NEGATIVE,0.8651
"07oui chipie, tu es la seule gentille ici !",NEGATIVE,0.8045,NEGATIVE,0.7357
grominet01: ho !,NEGATIVE,0.9889,NEUTRAL,0.5692
The_Swing: quand j'en ai envie !,POSITIVE,0.9972,POSITIVE,0.7183
mdr,NEGATIVE,0.9466,NEUTRAL,0.6587
chipie c'est toi qui p√©t√©?,NEGATIVE,0.9341,NEGATIVE,0.9316
"07lol grominet01, m√™me pas vrai !",NEGATIVE,0.8881,NEGATIVE,0.9551
oui voila chipie ..,POSITIVE,0.9699,NEGATIVE,0.8328
je n'ai pas cette facult√© faustt,POSITIVE,0.8331,NEGATIVE,0.6715
:),NEUTRAL,0.6489,POSITIVE,0.7976
je reconnais l'odeur de ton p√™t,POSITIVE,0.9849,NEUTRAL,0.5897
!Seen baillon,POSITIVE,0.9964,NEUTRAL,0.5025
"baillon (Chaat@6370B7AB.501876C1.45B328EA.IP) a √©t√© vu pour la derni√®re fois quitter #Accueil il y a 2 heures, 5 minutes (Bon retour sur www.chaat.fr).",NEGATIVE,0.9782,NEUTRAL,0.5055
il sent l'oeuf pourri,POSITIVE,0.9727,NEGATIVE,0.9941
twinsen: :p,NEGATIVE,0.7808,POSITIVE,0.8121
bonjour,POSITIVE,0.9679,POSITIVE,0.7109
:p,POSITIVE,0.8282,NEUTRAL,0.6515
nanala t'es l√†,NEGATIVE,0.9223,NEGATIVE,0.9901
chipie faut arr√™ter les omelettes,POSITIVE,0.8261,NEGATIVE,0.9645
ah bon je me suis laisser dire que tu avait du poil au pied mdrr The_Swing,NEGATIVE,0.9726,NEGATIVE,0.684
Mdrrr chipie,NEGATIVE,0.992,NEGATIVE,0.9526
nanala,POSITIVE,0.9941,NEGATIVE,0.9975
12et en vin un bon saint emillion,POSITIVE,0.7151,POSITIVE,0.7991
nanala,POSITIVE,0.9941,NEGATIVE,0.9975
je t'attends toujours,POSITIVE,0.9822,POSITIVE,0.9698
07fake news √ßa grominet01 ! lol,NEGATIVE,0.9935,NEGATIVE,0.8222
je suis rentr√©,NEGATIVE,0.9566,NEUTRAL,0.6251
je t'en foutrai des saintes millions de baffes moi,NEGATIVE,0.898,NEGATIVE,0.7969
est ce que nanala est l√†,NEUTRAL,0.5201,NEGATIVE,0.9659
üò¥üò®üßê,NEGATIVE,0.6971,POSITIVE,0.7261
ete tu sur mdrr The_Swing,NEUTRAL,0.661,NEUTRAL,0.6527
Baloo t es la?,NEGATIVE,0.946,POSITIVE,0.7901
il est la booba?,NEGATIVE,0.9897,NEUTRAL,0.6616
nanala,POSITIVE,0.9941,NEGATIVE,0.9975
boudiou les pseudos qui viennent d'arriver mdr,NEGATIVE,0.9573,NEGATIVE,0.7949
ouais vindiou,POSITIVE,0.907,POSITIVE,0.7384
ptdrrr chipie,NEGATIVE,0.9658,NEGATIVE,0.8935
boudiou,POSITIVE,0.9695,NEUTRAL,0.6132
ce sont les invasions barbares,NEGATIVE,0.9613,POSITIVE,0.7275
la tchipe,NEUTRAL,0.5603,NEGATIVE,0.6814
12il y a des pseudo marrants chipie c'est vrai,NEGATIVE,0.9705,NEGATIVE,0.76
"ils viennent, ils sont a vos portes",NEUTRAL,0.505,POSITIVE,0.7598
y a pas de nanala E_N_S,POSITIVE,0.8301,NEGATIVE,0.9327
"13,08bonsoir a tous bisousssssssssssss",NEGATIVE,0.9806,POSITIVE,0.8425
salut betty boop,NEGATIVE,0.9696,POSITIVE,0.8128
salut,NEGATIVE,0.9924,POSITIVE,0.7455
hannibal-smith76: qui font sourir aussi heureusement,NEGATIVE,0.9671,POSITIVE,0.6792
coucou Betty47 bisous :),NEGATIVE,0.9417,POSITIVE,0.8822
bonsoir Betty47,NEUTRAL,0.623,POSITIVE,0.7166
salut aurore aux doigts de rose,NEGATIVE,0.8844,POSITIVE,0.7775
bsr Betty47,NEGATIVE,0.9472,POSITIVE,0.7675
bsr aurore,NEGATIVE,0.9794,POSITIVE,0.7194
chouloupiminette ca va?,NEGATIVE,0.9902,NEGATIVE,0.6792
12oui aussi $,NEGATIVE,0.6739,POSITIVE,0.6818
:),NEUTRAL,0.6489,POSITIVE,0.7976
hannibal un √©l√©phant ca trompe √©norm√©ment,POSITIVE,0.6747,NEUTRAL,0.5678
love generatiooon y√©√©√© y√©√©√© y√©√© y√©√©√©√©,POSITIVE,0.9988,POSITIVE,0.8979
Re choupettenopv bisous,NEGATIVE,0.9968,POSITIVE,0.8595
bsr Damien33 :),NEGATIVE,0.9656,POSITIVE,0.8267
les y√©y√©s mdr,NEGATIVE,0.946,POSITIVE,0.6879
12bisous Betty47,NEGATIVE,0.8169,POSITIVE,0.7843
tu √©coutes cette brocante?,NEGATIVE,0.951,POSITIVE,0.7095
Gay bi pv,NEGATIVE,0.9867,NEUTRAL,0.5627
Bonsoir Faust,POSITIVE,0.9183,POSITIVE,0.7299
sa vient lol,NEGATIVE,0.8807,NEUTRAL,0.6016
re Damien33 ca va,NEGATIVE,0.9675,NEUTRAL,0.6099
Cc chipie,NEUTRAL,0.5251,NEUTRAL,0.5976
12pas mal faustt,NEGATIVE,0.9932,NEGATIVE,0.6816
salut aurore aux senteurs vernales,NEGATIVE,0.9249,POSITIVE,0.8774
12elle est bien celle la,POSITIVE,0.7636,POSITIVE,0.793
laquelle?,NEGATIVE,0.9924,NEUTRAL,0.532
Bonsoir grosminet,POSITIVE,0.9037,NEUTRAL,0.6534
yen a beaucoup qui sont bonnes,POSITIVE,0.8447,NEGATIVE,0.6767
bsr aurore,NEGATIVE,0.9794,POSITIVE,0.7194
12bonjour aurore,NEUTRAL,0.6514,POSITIVE,0.7326
Oui √ßa va choupettenopv es toi?,NEGATIVE,0.9821,POSITIVE,0.8042
Salut Chipie,NEGATIVE,0.9756,NEUTRAL,0.6664
elle va pas bien,POSITIVE,0.9742,NEGATIVE,0.9028
elle me l'a dit au tel,POSITIVE,0.7397,NEUTRAL,0.5016
nopv,NEGATIVE,0.9086,NEUTRAL,0.5012
oui ca va Damien33 merci,NEGATIVE,0.947,POSITIVE,0.8148
12ta petite blague Faustt,NEGATIVE,0.913,NEUTRAL,0.5593
sur l'√©l√©phant?,NEGATIVE,0.9689,NEUTRAL,0.6045
!caf√©,POSITIVE,0.9977,NEUTRAL,0.6105
"12G√©nial ! 7chipie 12part en cuisine pour pr√©parer du 1,1_0C1_1,0] 4,4_0a4_4,0] 2,2_0f2_2,0] 3,3_0√©_3,0]",POSITIVE,0.9804,POSITIVE,0.7288
12oui,NEGATIVE,0.6931,NEUTRAL,0.577
Cool choupettenopv,POSITIVE,0.9985,POSITIVE,0.7845
une grande cuisini√®re,NEUTRAL,0.5899,POSITIVE,0.9117
elle sait faire un caf√©,POSITIVE,0.9844,NEUTRAL,0.5236
Hello,POSITIVE,0.9995,POSITIVE,0.7939
grand mere,NEGATIVE,0.8067,NEUTRAL,0.635
Salut Hannibal,NEGATIVE,0.9806,POSITIVE,0.7023
!seen arabica,NEGATIVE,0.9366,POSITIVE,0.735
"Arabica (uid505084@Rose.du.Desert) a √©t√© vu pour la derni√®re fois quitter #Passions il y a 16 heures, 2 minutes (Bon retour sur www.chaat.fr).",NEGATIVE,0.9818,NEUTRAL,0.5725
s'mieux quand tu dis rien toi Faustt :o,NEGATIVE,0.8414,NEUTRAL,0.513
moi c'est carte noire,POSITIVE,0.7379,NEGATIVE,0.865
SympaSeul hello,POSITIVE,0.994,NEUTRAL,0.5221
lol,NEGATIVE,0.9438,NEGATIVE,0.7508
arabicaaaa,NEGATIVE,0.9195,NEUTRAL,0.5954
pfff,NEGATIVE,0.9721,NEGATIVE,0.9792
Qui est en prison ?,NEGATIVE,0.9717,NEUTRAL,0.5285
pas moi,POSITIVE,0.9712,NEGATIVE,0.8818
!tapavu arabica,NEGATIVE,0.7922,POSITIVE,0.6689
l'esprit,POSITIVE,0.7809,POSITIVE,0.8643
"Arabica (uid505084@Rose.du.Desert) a √©t√© vu pour la derni√®re fois quitter #Passions il y a 16 heures, 3 minutes (Bon retour sur www.chaat.fr).",NEGATIVE,0.9822,NEUTRAL,0.5808
ya des gens en prison ici?,NEGATIVE,0.996,NEUTRAL,0.5014
Cc melissa-23,POSITIVE,0.8369,POSITIVE,0.7067
XD,POSITIVE,0.7628,NEGATIVE,0.8364
mdr,NEGATIVE,0.9466,NEUTRAL,0.6587
ils ont la connexion en prison?,NEGATIVE,0.9871,NEUTRAL,0.5576
ils ont un cyber,NEGATIVE,0.9333,NEUTRAL,0.6051
mdr,NEGATIVE,0.9466,NEUTRAL,0.6587
Lolo,POSITIVE,0.8558,NEUTRAL,0.6263
Pfttt bye,NEGATIVE,0.9921,NEGATIVE,0.8191
!seen arabica,NEGATIVE,0.9366,POSITIVE,0.735
"Arabica (uid505084@Rose.du.Desert) a √©t√© vu pour la derni√®re fois quitter #Passions il y a 16 heures, 3 minutes (Bon retour sur www.chaat.fr).",NEGATIVE,0.9822,NEUTRAL,0.5808
!ricor√©e,POSITIVE,0.9988,NEUTRAL,0.6197
12on y est tous Babybel toi aussi puisque tu es ici mdr,NEGATIVE,0.8759,POSITIVE,0.8103
ennour khti atena niko,NEUTRAL,0.631,POSITIVE,0.7577
marche pas,POSITIVE,0.9951,NEGATIVE,0.9756
lol,NEGATIVE,0.9438,NEGATIVE,0.7508
12bye Ennour,NEGATIVE,0.9551,NEUTRAL,0.5628
Ennour:  re,POSITIVE,0.9923,NEUTRAL,0.5497
Qui de elancourt?,NEGATIVE,0.8993,NEUTRAL,0.5978
bsr marta 35 ans,NEGATIVE,0.9639,NEUTRAL,0.6273
"Ch12a13a1t.fr - 01n¬∞2965501  Aujourd'hui, j'ai rendez-vous chez le coiffeur. Alors que nous parlons football et notamment de Van Persie, ""grand buteur d'Arsenal"", il m'ordonne de ne pas bouger si je ne veux pas perdre une oreille. Je lui r√©ponds : ""Comme Van Gogh."" Il m'a demand√© : ""Il joue o√π, celui-l√† ?"" VDM ",NEGATIVE,0.9793,NEGATIVE,0.7704
Faust abrutie ta pas honte,POSITIVE,0.96,NEGATIVE,0.9328
les gens du nord,POSITIVE,0.9882,NEUTRAL,0.6211
Damien coucouuu,POSITIVE,0.9916,NEUTRAL,0.576
12bonsoir les arrivantes,POSITIVE,0.9239,POSITIVE,0.7106
Ennour:  ki moi ?,NEGATIVE,0.9308,NEUTRAL,0.6507
"Cynthia Ann Stephanie Lauper (n√©e le 22 juin 1953)1, dite Cyndi, est une chanteuse, compositrice, actrice et activiste am√©ricaine  ;)",NEGATIVE,0.7427,NEUTRAL,0.6073
si ca marche aala lol,NEGATIVE,0.8536,POSITIVE,0.669
Faust tu peut amener ta s≈ìur cest plus facile,NEUTRAL,0.5289,NEUTRAL,0.5309
12respectez vous svp merci,NEGATIVE,0.9818,POSITIVE,0.8451
non de √©lanlong moi Marocaine :(,NEGATIVE,0.9505,NEGATIVE,0.8559
bsr lune-,NEGATIVE,0.9976,POSITIVE,0.6974
12bisous lune-,NEGATIVE,0.9978,POSITIVE,0.7352
pipoune:  re slt  comment faire !,NEGATIVE,0.9994,NEUTRAL,0.6237
ennour la tienne est en train de me lecher le zboub,NEUTRAL,0.5426,NEGATIVE,0.7271
chipie:  bise,NEGATIVE,0.9921,POSITIVE,0.6937
!calin Eddie- ;) <3,POSITIVE,0.9323,POSITIVE,0.8784
4 chipie 12prend 4Eddie- 12dans ses bras et lui fait un √©norme calin 13‚ù§‚ù§‚ù§,NEGATIVE,0.9719,POSITIVE,0.7033
ca marche ce que tu as fait pourtant aala pour arabica,NEGATIVE,0.715,NEUTRAL,0.6441
Cc lune-,NEGATIVE,0.9959,POSITIVE,0.6915
"macumba, macumba, elle danse tous les soirs",NEGATIVE,0.9674,POSITIVE,0.8034
bise lune-,NEGATIVE,0.9983,POSITIVE,0.7439
üé∂,NEGATIVE,0.6971,POSITIVE,0.7261
bsr mr Eddie-,POSITIVE,0.9222,POSITIVE,0.8163
"ennour je vais tout d√©verser dans sa gorge et, le pistolet sur la tempe, je l'oblige a avaler ma semence jusqu'√† la derniere goutte",NEGATIVE,0.6913,NEUTRAL,0.5857
Salut  tout le monde qqun pour discuter gentiment,NEGATIVE,0.7422,POSITIVE,0.7433
Re encore coucou tout le monde,POSITIVE,0.9679,POSITIVE,0.7886
Un mec de elancourt ?,NEGATIVE,0.9697,NEGATIVE,0.8458
pipoune:  √ßa rien donn√©e,NEGATIVE,0.9258,NEGATIVE,0.9925
cc,POSITIVE,0.9832,POSITIVE,0.7918
"4 ‚ÑπÔ∏è [12 INFO 1Ch12a13a1t.fr 4] ‚ÑπÔ∏è :0,12Facebook¬Æ1,0 Pour suivre l'actualit√© du TChat,12 https://www.facebook.com/chaatfr ‚úå",NEGATIVE,0.973,POSITIVE,0.859
Marocaine pv,NEGATIVE,0.9581,NEUTRAL,0.5076
re Castiel bisous :),NEGATIVE,0.9608,POSITIVE,0.9153
Jai pas de s≈ìur faust pourquoi t est m√©chant je ne tai jamais dis rien de m√©chant,NEGATIVE,0.8326,NEUTRAL,0.5267
"04,0004B04onsoir √† tous",NEGATIVE,0.7527,NEUTRAL,0.5776
ben si pourtant aala,POSITIVE,0.9717,NEUTRAL,0.5567
Cc lina,POSITIVE,0.9698,POSITIVE,0.7726
coucou Reglisse__ bisousssssssss,NEGATIVE,0.9783,POSITIVE,0.8654
ennour moi aussi j'ai rien dit de m√©chant,POSITIVE,0.905,NEGATIVE,0.7316
Re chipie bisous üòä,NEGATIVE,0.9888,POSITIVE,0.8317
pipoune:  attends,POSITIVE,0.9874,NEGATIVE,0.9532
bsr lina,NEUTRAL,0.6421,POSITIVE,0.8365
bsr bisousss Reglisse__,NEGATIVE,0.9929,POSITIVE,0.8597
!seen arabica,NEGATIVE,0.9366,POSITIVE,0.735
"Arabica (uid505084@Rose.du.Desert) a √©t√© vu pour la derni√®re fois quitter #Passions il y a 16 heures, 6 minutes (Bon retour sur www.chaat.fr).",NEGATIVE,0.9816,NEUTRAL,0.5827
Bonsoir reglisse__,NEGATIVE,0.7622,POSITIVE,0.6937
comment vas tu lune- depuis le temps ?,NEGATIVE,0.9472,POSITIVE,0.7756
ca va ennour?,NEGATIVE,0.9712,NEUTRAL,0.544
petch tu as la p√™che toi,NEGATIVE,0.9876,POSITIVE,0.6967
en pleine forme,POSITIVE,0.9836,POSITIVE,0.895
cc,POSITIVE,0.9832,POSITIVE,0.7918
12!caf√© chipie,POSITIVE,0.9941,NEGATIVE,0.6971
"7hannibal-smith76 12offre une bonne tasse de 1,1_0C1_1,0] 4,4_0a4_4,0] 2,2_0f2_2,0] 3,3_0√©3_3,0]12 toute chaude √† 4chipie 12>> Un peu de lait, du sucre ? ",NEGATIVE,0.977,NEUTRAL,0.595
chipie:  Cyndi Lauper - Money Changes Everything  ;) <3,POSITIVE,0.8702,NEUTRAL,0.6464
chipie:  tr√©s bien et toi ? tu danses toujours autant :D,NEUTRAL,0.5914,POSITIVE,0.9271
"04,0004B04isoussssssssssssssssss chipie",NEGATIVE,0.9929,NEGATIVE,0.8731
12bonjour lydie,POSITIVE,0.9967,POSITIVE,0.8663
merci hannibal-smith76 :) tu veux boire quoi ?,NEGATIVE,0.9812,POSITIVE,0.7268
aala:  regarde ton pv,NEGATIVE,0.9903,POSITIVE,0.7167
bisous,NEGATIVE,0.9862,POSITIVE,0.8384
H√© h√© oui faustt,NEGATIVE,0.9649,POSITIVE,0.7596
"04,00Castiel >> bonsoir",POSITIVE,0.9546,NEUTRAL,0.5691
Eddie-: :p  <3,NEGATIVE,0.8008,POSITIVE,0.8951
Un mec de elancourt,NEUTRAL,0.5954,NEGATIVE,0.8852
12un Caf√© √ßa ira noir sans sucre,NEGATIVE,0.8279,NEUTRAL,0.5962
lune-: oui toujours rire,NEUTRAL,0.5452,POSITIVE,0.9291
Ya des vraiment bizarre ici,NEGATIVE,0.9933,NEUTRAL,0.5772
lol,NEGATIVE,0.9438,NEGATIVE,0.7508
Cc Lydie,POSITIVE,0.9901,POSITIVE,0.7982
Gens,POSITIVE,0.9899,NEUTRAL,0.5904
pipoune:  oui jai vue merci c'est gentill,NEGATIVE,0.9765,POSITIVE,0.7029
elle a la feu au cul la marocaine,POSITIVE,0.9338,NEUTRAL,0.614
!calin chipie  ;) <3,NEGATIVE,0.7135,POSITIVE,0.7728
4 Eddie- 12prend 4chipie 12dans ses bras et lui fait un √©norme calin 13‚ù§‚ù§‚ù§,NEGATIVE,0.9627,POSITIVE,0.9076
il lui faut vite un mec,POSITIVE,0.9055,NEUTRAL,0.5824
Coucou,POSITIVE,0.9273,POSITIVE,0.707
Des chiites ici?,NEGATIVE,0.9842,NEUTRAL,0.6015
ont a compris Marocaine ils n'y en a pas point,NEGATIVE,0.6804,NEUTRAL,0.6207
elle appelle au secour,POSITIVE,0.9825,NEUTRAL,0.5825
"0,30,03Nezha23:  Bonjour ^^",NEGATIVE,0.7718,POSITIVE,0.6761
de rien aala,POSITIVE,0.9749,NEUTRAL,0.5146
Cc nezha23,NEUTRAL,0.5504,POSITIVE,0.7343
12pas forcemment Faustt mdr,NEGATIVE,0.9229,NEUTRAL,0.5367
coucou oOxOo ^^,NEUTRAL,0.5719,POSITIVE,0.8649
Ch'tite,NEGATIVE,0.9481,NEUTRAL,0.522
!caf√© hannibal-smith76,NEUTRAL,0.5241,POSITIVE,0.7917
"7chipie 12offre une bonne tasse de 1,1_0C1_1,0] 4,4_0a4_4,0] 2,2_0f2_2,0] 3,3_0√©3_3,0]12 toute chaude √† 4hannibal-smith76 12>> Un peu de lait, du sucre ? ",NEGATIVE,0.9706,NEUTRAL,0.6263
hannibal mdr,NEGATIVE,0.859,NEUTRAL,0.5075
12cc Nezha23,POSITIVE,0.7456,POSITIVE,0.6859
"0,30,03pipoune:  chipie Bonsoir Mesdemoiselles ^^",NEGATIVE,0.6705,NEUTRAL,0.5823
12merci chipie c'est adorable,POSITIVE,0.9697,POSITIVE,0.8666
c'est plaisir hannibal-smith76 :),NEGATIVE,0.8189,POSITIVE,0.9392
bonsoir oOxOo,NEGATIVE,0.7591,POSITIVE,0.8629
12merci,NEUTRAL,0.5491,POSITIVE,0.7543
Pipoune bye,NEGATIVE,0.9862,NEGATIVE,0.7317
07Hello qui pour discuter ? ‚ò∫Ô∏è,NEGATIVE,0.8378,POSITIVE,0.7486
bisousss Ennour a plus tard ?,NEGATIVE,0.9823,POSITIVE,0.8086
Hi,POSITIVE,0.9983,POSITIVE,0.6976
13salut,NEUTRAL,0.6106,POSITIVE,0.7819
12bonjour Layabricote|Layabricot,NEGATIVE,0.9754,POSITIVE,0.7752
√áa va,NEGATIVE,0.9511,NEUTRAL,0.6406
"0,30,03ho",NEGATIVE,0.8869,NEGATIVE,0.6999
salut,NEGATIVE,0.9924,POSITIVE,0.7455
salut marie_,NEUTRAL,0.5317,POSITIVE,0.7256
bsr Layabricote|Layabricot Nezha23 et marie_,NEGATIVE,0.9878,POSITIVE,0.7268
Qui de elancourt,POSITIVE,0.9231,NEUTRAL,0.5465
eurasienne|occupe > on t'a enfin trouv√© une occupation ?,NEGATIVE,0.9776,NEGATIVE,0.7487
bsr marie,POSITIVE,0.9527,POSITIVE,0.7472
nanana nanananaa,POSITIVE,0.9575,NEGATIVE,0.9825
salut,NEGATIVE,0.9924,POSITIVE,0.7455
!chante kylie minogue,POSITIVE,0.9925,POSITIVE,0.7825
7chipie 12prend le micro et monte sur son bureau pour chanter avec 4 kylie. 12On va faire p√©ter les baffles y√©√©√©√©√©√©√©√© 4‚ô´‚ô™.ƒ±lƒ±lƒ±ll|ÃÖÃ≤ÃÖ‚óèÃÖÃ≤ÃÖ|ÃÖÃ≤ÃÖ=ÃÖÃ≤ÃÖ|ÃÖÃ≤ÃÖ‚óèÃÖÃ≤ÃÖ|llƒ±lƒ±lƒ±.‚ô´‚ô™,NEGATIVE,0.9788,POSITIVE,0.8178
"0,30,03je vous salut marie_ ^^",NEGATIVE,0.7921,NEUTRAL,0.6191
re la room,POSITIVE,0.8329,POSITIVE,0.7132
07Salut üëã a tous et a toutes üëâüíñ‚ù§üíùüíñüëà,NEGATIVE,0.8712,POSITIVE,0.7627
re miss nanasse :),NEGATIVE,0.9888,NEGATIVE,0.9119
re toi,POSITIVE,0.8968,POSITIVE,0.7584
12salut Guest63175,NEGATIVE,0.9265,POSITIVE,0.7265
re nanasse,POSITIVE,0.7061,NEGATIVE,0.9971
re m'dame chipie,POSITIVE,0.9982,NEGATIVE,0.6962
Salut,NEGATIVE,0.9924,POSITIVE,0.7253
coucou bonsoir nanasse,POSITIVE,0.9632,NEGATIVE,0.8404
12bisous nanasse,NEUTRAL,0.5639,NEGATIVE,0.6902
re Petch,NEGATIVE,0.9888,NEUTRAL,0.5133
"0,30,03Hiba: Bonjour ^^",NEGATIVE,0.7291,POSITIVE,0.6704
bonjour grominet01,NEGATIVE,0.8353,POSITIVE,0.7861
!calin Gentilmec,POSITIVE,0.8196,POSITIVE,0.7456
4 chipie 12prend 4Gentilmec 12dans ses bras et lui fait un √©norme calin 13‚ù§‚ù§‚ù§,NEGATIVE,0.9749,POSITIVE,0.7307
bonjour hannibal-smith76,NEUTRAL,0.5815,POSITIVE,0.835
hann j ai loupe l heure du goute,POSITIVE,0.7369,NEGATIVE,0.9795
lol,NEGATIVE,0.9438,NEGATIVE,0.7508
Hiba cc,POSITIVE,0.9859,POSITIVE,0.849
Re nanasse üòä,NEGATIVE,0.819,NEGATIVE,0.9936
re Castiel,NEUTRAL,0.5169,NEUTRAL,0.5443
bsr Castiel,NEGATIVE,0.9017,POSITIVE,0.7808
Coucou Nezha23 :),NEUTRAL,0.6354,POSITIVE,0.8383
!seen sweetness,POSITIVE,0.9997,POSITIVE,0.8478
the_duke > je ne me souviens pas avoir vu sweetness.,POSITIVE,0.9751,NEGATIVE,0.7842
Bonsoir,POSITIVE,0.9956,POSITIVE,0.7414
12tu veux une gaufre avec de la chantilly chipie,NEUTRAL,0.6292,NEGATIVE,0.8312
bsr Achoum,NEGATIVE,0.9725,POSITIVE,0.7823
bsr Achoum,NEGATIVE,0.9725,POSITIVE,0.7823
Cc achoum,NEGATIVE,0.9849,POSITIVE,0.6896
re / salut,NEGATIVE,0.9958,POSITIVE,0.7501
Bonsoir grominet01,NEGATIVE,0.9628,POSITIVE,0.7746
re Pact,NEGATIVE,0.8416,NEUTRAL,0.5784
hannibal-smith76: √ß√† se refuse pas ! je mangerai pas ce soir :p,NEGATIVE,0.9775,NEGATIVE,0.7073
12bonjour castiel et achoum,NEGATIVE,0.7702,POSITIVE,0.7961
re nanasse,POSITIVE,0.7061,NEGATIVE,0.9971
"Cynthia Ann Stephanie Lauper (n√©e le 22 juin 1953)1, dite Cyndi, est une chanteuse, compositrice, actrice et activiste am√©ricaine",NEGATIVE,0.6895,NEUTRAL,0.5845
re Pact :),NEGATIVE,0.9731,POSITIVE,0.8512
12c'est pas grave fais toi plaisir chipie,NEGATIVE,0.8283,NEUTRAL,0.5181
ne chante pas et je ne tire pas chipie lol,NEGATIVE,0.9236,NEGATIVE,0.779
re re chipie,NEGATIVE,0.9658,NEGATIVE,0.9529
Bonjour hannibal-smith76,NEUTRAL,0.5815,POSITIVE,0.8168
hannibal-smith76: je veux mon n'veu! mdr,NEGATIVE,0.8108,POSITIVE,0.7158
pipoune: je ne c√®de jamais au chantage!mdrr,NEGATIVE,0.9747,NEUTRAL,0.5302
Re Pact,NEGATIVE,0.8416,POSITIVE,0.6864
12tu as raison,NEUTRAL,0.5578,POSITIVE,0.7356
re Castiel salut,NEGATIVE,0.8898,NEUTRAL,0.6537
laissez moi chaaaaanter,NEGATIVE,0.8837,NEUTRAL,0.6083
üéµ,NEGATIVE,0.6971,POSITIVE,0.7261
la femme de coluche est morte j'ai vu √ß√† hier :/,NEGATIVE,0.9071,NEGATIVE,0.9135
re Castiel bisous lol,NEGATIVE,0.983,POSITIVE,0.8343
laiss√© moiii Petch,NEGATIVE,0.7579,POSITIVE,0.7105
chipie:  mdrr tu vas pouvoir chanter bien haut je re plus tard de toute facon,NEGATIVE,0.9639,NEGATIVE,0.7153
!clope,POSITIVE,0.8087,NEUTRAL,0.5995
12Il semblerait que 7nanasse 12s'offre une bonne pause clope bien merit√©e (c'est pas bien de fumer),NEGATIVE,0.8592,NEGATIVE,0.6808
Re choupettenopv bisous üòä,NEGATIVE,0.9954,POSITIVE,0.9183
p.tn tu fous quoi la,NEGATIVE,0.9695,NEGATIVE,0.9834
pipoune: repose toi bien rire !,NEGATIVE,0.9834,NEUTRAL,0.5828
Chiasse et pisse au menu,NEGATIVE,0.9975,NEGATIVE,0.9224
lol chipie,POSITIVE,0.7253,NEGATIVE,0.9251
13cc,POSITIVE,0.97,NEUTRAL,0.6217
chiasse de vacheuu,POSITIVE,0.8041,NEGATIVE,0.9869
3√®me bisous de choupettenopv aujourd'hui üôÇüòÇ,NEGATIVE,0.9535,POSITIVE,0.8056
Cc marie_,POSITIVE,0.8789,POSITIVE,0.7098
omg encore,POSITIVE,0.9514,NEGATIVE,0.9644
Moderatrice_des_toilettes: prk tu t'entete a sa : s sa te fat du bien ?,NEGATIVE,0.9976,NEUTRAL,0.6445
merci lol chipie,NEGATIVE,0.9811,NEGATIVE,0.6819
ouiii Castiel lol,NEGATIVE,0.898,POSITIVE,0.7895
Merci pour ce moment de musique Didi33 7‚ô´12‚ô™3‚ô©,POSITIVE,0.7237,POSITIVE,0.9131
ah on va marier ARRETEZ_DE_ME_BANNIR avec Moderatrice_des_toilettes de beaux boulets !,NEGATIVE,0.9907,NEGATIVE,0.8272
bonjour,POSITIVE,0.9679,POSITIVE,0.7109
Merci pour l'animation Radio tizouzou 7‚ô´12‚ô™3‚ô©,NEGATIVE,0.9683,NEUTRAL,0.592
chiasse au go√ªt de degeulie,POSITIVE,0.7486,NEGATIVE,0.9991
salut,NEGATIVE,0.9924,POSITIVE,0.7455
"4 ‚ÑπÔ∏è [12 INFO 1Ch12a13a1t.fr 4] ‚ÑπÔ∏è :1 Ici c'est un lieu gratuit 3[Ã≤ÃÖ‚Ç¨Ã≤ÃÖ(Ã≤ÃÖ0Ã≤ÃÖ)Ã≤ÃÖ‚Ç¨Ã≤ÃÖ]1 de discussion, de rencontres amicales 7ÏõÉ Ïú†1, pour passer un moment convivial et chaleureux 4( ^‚ó°^)(^‚ó°^ )1! Alors soyez poli, tol√©rant et respectueux. Merci et Bon Tchat ‚ùó 12Ÿ©(‚óèÃÆÃÉ‚Ä¢)€∂",NEGATIVE,0.9693,POSITIVE,0.953
soupe √† la chiasse,NEGATIVE,0.9939,NEGATIVE,0.9895
